{
  "project_info": {
    "project_number": "192129706998",
    "project_id": "mychatapp-5579b",
    "storage_bucket": "mychatapp-5579b.appspot.com"
  },
  "client": [
    {
      "client_info": {
        "mobilesdk_app_id": "1:192129706998:android:6132064cf2d7b1fff0f5d7",
        "android_client_info": {
          "package_name": "com.example.mychatapp"
        }
      },
      "oauth_client": [
        {
          "client_id": "192129706998-n9c8qdhduf4qjcul6fl10od24d7qclac.apps.googleusercontent.com",
          "client_type": 1,
          "android_info": {
            "package_name": "com.example.mychatapp",
            "certificate_hash": "4f2b020a484126993b445626678b9f15ef60ab0b"
          }
        },
        {
          "client_id": "192129706998-r6k2th8520fjvsteietk8efrl2g88dm7.apps.googleusercontent.com",
          "client_type": 3
        }
      ],
      "api_key": [
        {
          "current_key": "AIzaSyAPhFLgBrNbVSU-rII6b8VnQl-MwneVyD4"
        }
      ],
      "services": {
        "appinvite_service": {
          "other_platform_oauth_client": [
            {
              "client_id": "192129706998-r6k2th8520fjvsteietk8efrl2g88dm7.apps.googleusercontent.com",
              "client_type": 3
            }
          ]
        }
      }
    }
  ],
  "configuration_version": "1"
}